,year,predicted_income
0,2017,38803.29886874952
1,2018,39631.763943972066
2,2019,40460.22901919484
3,2021,42117.15916964039
4,2022,42945.624244862935
5,2023,43774.08932008571
6,2024,44602.554395308485
7,2025,45431.01947053103
